Date,Number of lots,Sale total
12-12-2021,201,NA
09-11-2021,122,NA
05-10-2021,86,NA
13-9-2021,NA,NA
09-8-2021,268,NA
25-7-2021,69,NA
24-7-2021,115,NA
10-7-2021,66,NA
10-7-2021,695,NA
04-7-2021,224,20000
20-6-2021,186,NA
29-11-2020,254,NA
15-11-2020,174,459167
10-11-2020,102,NA
07-11-2020,787,NA
13-10-2020,123,NA
11-10-2020,531,NA
27-9-2020,73,NA
21-9-2020,98,NA
20-9-2020,74,NA
18-9-2020,124,NA
14-9-2020,86,NA
14-9-2020,177,NA
13-9-2020,108,NA
07-9-2020,194,NA
06-9-2020,96,NA
31-8-2020,206,NA
30-8-2020,91,NA
19-8-2020,77,NA
17-8-2020,162,NA
03-8-2020,190,NA
02-8-2020,62,NA
27-7-2020,153,NA
26-7-2020,98,NA
20-7-2020,41,10050
07-7-2020,60,NA
07-7-2020,204,561594
29-6-2020,169,NA
28-6-2020,67,NA
22-6-2020,NA,NA
21-6-2020,NA,NA
21-6-2020,NA,NA
17-6-2020,NA,NA
15-6-2020,NA,NA
15-6-2020,NA,NA
14-6-2020,NA,NA
10-6-2020,20,NA
09-6-2020,23,NA
09-6-2020,84,NA
08-6-2020,NA,NA
08-6-2020,NA,NA
07-6-2020,NA,NA
04-6-2020,191,NA
03-6-2020,NA,NA
02-6-2020,87,NA
02-6-2020,NA,NA
01-6-2020,NA,NA
31-5-2020,NA,NA
28-5-2020,109,NA
27-5-2020,33,NA
27-5-2020,120,NA
26-5-2020,68,2433400
25-5-2020,NA,NA
25-5-2020,103,NA
24-5-2020,NA,NA
24-5-2020,NA,NA
24-5-2020,66,NA
21-5-2020,91,NA
19-5-2020,27,NA
19-5-2020,74,1163000
18-5-2020,NA,NA
18-5-2020,33,NA
18-5-2020,163,NA
18-5-2020,133,NA
17-5-2020,NA,NA
16-5-2020,NA,NA
13-5-2020,10,NA
13-5-2020,209,NA
12-5-2020,83,NA
12-5-2020,80,NA
11-5-2020,NA,NA
11-5-2020,216,NA
11-5-2020,NA,NA
10-5-2020,NA,NA
09-5-2020,NA,NA
04-5-2020,NA,NA
03-5-2020,NA,NA
29-4-2020,55,NA
29-4-2020,82,NA
28-4-2020,NA,NA
27-4-2020,53,NA
26-4-2020,NA,NA
24-4-2020,NA,NA
23-4-2020,105,NA
22-4-2020,13,NA
20-4-2020,NA,NA
20-4-2020,90,NA
19-4-2020,NA,NA
16-4-2020,121,NA
16-4-2020,NA,NA
13-4-2020,95,NA
13-4-2020,NA,NA
12-4-2020,NA,NA
09-4-2020,62,NA
07-4-2020,82,NA
06-4-2020,NA,NA
05-4-2020,NA,NA
05-4-2020,NA,NA
02-4-2020,NA,NA
02-4-2020,195,NA
01-4-2020,52,NA
31-3-2020,67,NA
30-3-2020,64,NA
30-3-2020,NA,NA
29-3-2020,NA,NA
29-3-2020,NA,NA
26-3-2020,102,NA
25-3-2020,NA,NA
24-3-2020,NA,NA
23-3-2020,NA,NA
23-3-2020,NA,NA
22-3-2020,NA,NA
22-3-2020,74,NA
20-3-2020,NA,NA
18-3-2020,171,NA
17-3-2020,163,NA
17-3-2020,NA,NA
16-3-2020,NA,NA
16-3-2020,NA,NA
16-3-2020,NA,NA
16-3-2020,NA,NA
15-3-2020,NA,NA
15-3-2020,NA,NA
11-3-2020,NA,NA
09-3-2020,NA,NA
09-3-2020,NA,NA
08-3-2020,NA,NA
05-3-2020,NA,NA
04-3-2020,174,NA
03-3-2020,NA,NA
03-3-2020,NA,NA
03-3-2020,NA,NA
03-3-2020,179,NA
02-3-2020,NA,NA
02-3-2020,NA,NA
01-3-2020,NA,NA
26-2-2020,NA,NA
25-2-2020,64,NA
24-2-2020,119,NA
24-2-2020,NA,NA
24-2-2020,207,NA
24-2-2020,NA,NA
23-2-2020,NA,NA
23-2-2020,102,NA
20-2-2020,NA,NA
19-2-2020,NA,NA
18-2-2020,NA,NA
18-2-2020,NA,NA
17-2-2020,49,10100
17-2-2020,NA,NA
17-2-2020,NA,NA
17-2-2020,178,NA
16-2-2020,105,NA
14-2-2020,103,NA
14-2-2020,402,NA
14-2-2020,NA,NA
14-2-2020,NA,NA
12-2-2020,140,NA
12-2-2020,69,NA
11-2-2020,55,NA
11-2-2020,NA,NA
10-2-2020,200,NA
10-2-2020,NA,NA
10-2-2020,NA,NA
09-2-2020,105,NA
06-2-2020,87,NA
06-2-2020,NA,NA
05-2-2020,91,NA
05-2-2020,38,NA
05-2-2020,NA,NA
04-2-2020,NA,NA
04-2-2020,155,NA
03-2-2020,NA,NA
03-2-2020,153,NA
02-2-2020,107,NA
31-1-2020,15,20700
30-1-2020,NA,NA
29-1-2020,NA,NA
29-1-2020,109,NA
29-1-2020,52,NA
27-1-2020,NA,NA
27-1-2020,205,NA
27-1-2020,NA,NA
26-1-2020,NA,NA
26-1-2020,95,NA
24-1-2020,75,94580
22-1-2020,NA,NA
21-1-2020,58,NA
21-1-2020,NA,NA
20-1-2020,NA,NA
16-1-2020,NA,NA
13-1-2020,144,NA
12-1-2020,79,NA
06-1-2020,178,NA
05-1-2020,113,NA
22-12-2019,130,NA
20-12-2019,233,210600
18-12-2019,44,NA
18-12-2019,40,NA
17-12-2019,NA,NA
17-12-2019,NA,NA
17-12-2019,NA,NA
16-12-2019,NA,NA
16-12-2019,NA,NA
16-12-2019,188,NA
16-12-2019,180,87800
15-12-2019,NA,NA
15-12-2019,NA,NA
15-12-2019,NA,NA
15-12-2019,NA,NA
15-12-2019,226,605971
11-12-2019,NA,NA
11-12-2019,NA,NA
11-12-2019,NA,NA
11-12-2019,160,NA
10-12-2019,190,NA
10-12-2019,193,NA
10-12-2019,NA,NA
09-12-2019,NA,NA
09-12-2019,142,NA
09-12-2019,246,NA
09-12-2019,179,59740
09-12-2019,216,NA
08-12-2019,999,NA
08-12-2019,114,NA
07-12-2019,60,41350
04-12-2019,96,NA
04-12-2019,26,NA
04-12-2019,56,NA
03-12-2019,117,NA
03-12-2019,NA,NA
03-12-2019,NA,NA
02-12-2019,741,NA
02-12-2019,197,NA
01-12-2019,157,NA
01-12-2019,126,NA
30-11-2019,NA,NA
28-11-2019,9,NA
27-11-2019,57,NA
26-11-2019,NA,NA
26-11-2019,NA,NA
26-11-2019,NA,NA
26-11-2019,NA,NA
26-11-2019,NA,NA
25-11-2019,NA,NA
25-11-2019,130,NA
25-11-2019,NA,NA
25-11-2019,211,NA
25-11-2019,182,NA
24-11-2019,NA,NA
24-11-2019,106,NA
24-11-2019,NA,NA
24-11-2019,63,NA
24-11-2019,NA,NA
24-11-2019,NA,NA
24-11-2019,66,NA
23-11-2019,NA,NA
23-11-2019,NA,NA
22-11-2019,NA,NA
22-11-2019,390,1394150
20-11-2019,NA,NA
20-11-2019,NA,NA
20-11-2019,NA,NA
20-11-2019,NA,NA
20-11-2019,63,NA
19-11-2019,71,NA
19-11-2019,NA,NA
19-11-2019,NA,NA
19-11-2019,NA,NA
19-11-2019,106,NA
18-11-2019,NA,NA
18-11-2019,23,NA
18-11-2019,99,NA
18-11-2019,NA,NA
18-11-2019,NA,NA
18-11-2019,137,NA
18-11-2019,165,NA
18-11-2019,116,26050
17-11-2019,NA,NA
17-11-2019,453,NA
17-11-2019,116,NA
16-11-2019,30,8400
15-11-2019,NA,NA
13-11-2019,NA,NA
13-11-2019,50,NA
13-11-2019,NA,NA
13-11-2019,50,189250
13-11-2019,NA,NA
13-11-2019,NA,NA
12-11-2019,88,NA
12-11-2019,49,NA
12-11-2019,44,NA
11-11-2019,150,46200
11-11-2019,176,NA
11-11-2019,190,NA
11-11-2019,82,NA
11-11-2019,82,NA
11-11-2019,175,NA
10-11-2019,51,NA
10-11-2019,101,NA
08-11-2019,127,315450
07-11-2019,102,1496750
07-11-2019,212,NA
07-11-2019,276,NA
06-11-2019,43,NA
05-11-2019,NA,NA
05-11-2019,1363,NA
04-11-2019,179,NA
04-11-2019,22,NA
04-11-2019,115,2944375
04-11-2019,NA,NA
03-11-2019,96,NA
02-11-2019,60,38150
02-11-2019,283,NA
31-10-2019,191,NA
30-10-2019,27,NA
28-10-2019,72,NA
28-10-2019,27,NA
28-10-2019,260,64900
28-10-2019,180,NA
27-10-2019,47,NA
27-10-2019,100,NA
25-10-2019,39,18612
25-10-2019,241,NA
23-10-2019,41,NA
23-10-2019,67,NA
22-10-2019,81,NA
22-10-2019,74,NA
22-10-2019,189,NA
21-10-2019,158,NA
21-10-2019,153,NA
21-10-2019,81,NA
21-10-2019,151,54750
21-10-2019,41,NA
21-10-2019,170,NA
20-10-2019,81,NA
17-10-2019,54,NA
17-10-2019,NA,NA
17-10-2019,142,12237625
17-10-2019,146,25985343
16-10-2019,55,NA
15-10-2019,65,NA
14-10-2019,173,NA
14-10-2019,104,NA
14-10-2019,210,NA
13-10-2019,66,NA
13-10-2019,56,NA
09-10-2019,77,NA
09-10-2019,27,NA
07-10-2019,196,NA
06-10-2019,72,NA
04-10-2019,157,NA
04-10-2019,596,1698650
03-10-2019,88,NA
03-10-2019,41,NA
03-10-2019,28,NA
02-10-2019,51,NA
02-10-2019,78,NA
02-10-2019,39,NA
02-10-2019,137,NA
01-10-2019,152,NA
01-10-2019,202,NA
30-9-2019,48,NA
30-9-2019,114,NA
30-9-2019,661,NA
28-9-2019,30,18800
27-9-2019,41,40010
26-9-2019,219,NA
26-9-2019,89,NA
26-9-2019,34,NA
25-9-2019,41,NA
25-9-2019,301,NA
25-9-2019,102,NA
24-9-2019,84,NA
24-9-2019,112,NA
24-9-2019,64,NA
24-9-2019,179,NA
23-9-2019,146,NA
23-9-2019,187,NA
22-9-2019,71,NA
21-9-2019,74,NA
20-9-2019,29,NA
20-9-2019,6,5350
20-9-2019,48,NA
19-9-2019,180,NA
18-9-2019,222,NA
18-9-2019,38,NA
18-9-2019,163,NA
18-9-2019,306,NA
17-9-2019,238,NA
17-9-2019,193,NA
17-9-2019,145,NA
17-9-2019,72,NA
16-9-2019,169,160640
16-9-2019,137,NA
16-9-2019,208,NA
16-9-2019,41,NA
16-9-2019,135,NA
16-9-2019,74,NA
16-9-2019,183,NA
16-9-2019,206,NA
15-9-2019,102,NA
15-9-2019,165,NA
15-9-2019,908,NA
14-9-2019,38,NA
11-9-2019,60,NA
11-9-2019,49,NA
11-9-2019,122,NA
10-9-2019,29,NA
10-9-2019,136,NA
10-9-2019,84,NA
10-9-2019,122,NA
10-9-2019,89,NA
09-9-2019,188,NA
09-9-2019,257,NA
09-9-2019,62,NA
09-9-2019,112,NA
09-9-2019,170,NA
08-9-2019,114,NA
08-9-2019,201,NA
07-9-2019,36,NA
06-9-2019,224,101600
04-9-2019,34,NA
03-9-2019,76,NA
02-9-2019,191,NA
01-9-2019,96,NA
31-8-2019,128,NA
31-8-2019,42,NA
30-8-2019,11,NA
30-8-2019,68,50120
26-8-2019,154,NA
25-8-2019,73,NA
22-8-2019,134,111620
21-8-2019,57,NA
20-8-2019,49,NA
19-8-2019,149,NA
18-8-2019,78,NA
16-8-2019,31,NA
12-8-2019,179,NA
11-8-2019,93,NA
05-8-2019,138,NA
04-8-2019,80,NA
04-8-2019,83,NA
30-7-2019,25,NA
28-7-2019,184,NA
26-7-2019,106,NA
24-7-2019,48,NA
24-7-2019,97,NA
18-7-2019,195,NA
18-7-2019,68,NA
17-7-2019,45,NA
15-7-2019,24,NA
10-7-2019,103,NA
10-7-2019,50,NA
10-7-2019,83,NA
09-7-2019,103,NA
09-7-2019,190,NA
08-7-2019,67,NA
08-7-2019,128,NA
08-7-2019,233,NA
05-7-2019,39,NA
04-7-2019,31,3470
04-7-2019,82,NA
03-7-2019,165,NA
03-7-2019,30,NA
03-7-2019,80,NA
03-7-2019,83,NA
02-7-2019,51,NA
02-7-2019,229,NA
02-7-2019,34,NA
02-7-2019,43,NA
01-7-2019,137,NA
01-7-2019,148,NA
30-6-2019,63,NA
29-6-2019,30,8300
28-6-2019,200,291800
28-6-2019,18,NA
26-6-2019,73,NA
26-6-2019,194,NA
26-6-2019,70,NA
25-6-2019,122,NA
25-6-2019,119,NA
25-6-2019,41,NA
25-6-2019,276,1875792
25-6-2019,65,NA
24-6-2019,32,NA
24-6-2019,175,NA
24-6-2019,90,NA
24-6-2019,33,2831125
23-6-2019,118,138593
23-6-2019,269,NA
23-6-2019,58,NA
21-6-2019,32,NA
19-6-2019,54,NA
19-6-2019,236,NA
18-6-2019,90,NA
18-6-2019,28,NA
18-6-2019,85,NA
18-6-2019,50,NA
18-6-2019,25,NA
17-6-2019,138,NA
17-6-2019,189,NA
17-6-2019,99,NA
17-6-2019,29,NA
15-6-2019,49,NA
14-6-2019,13,NA
12-6-2019,113,NA
12-6-2019,29,NA
12-6-2019,173,NA
11-6-2019,92,NA
11-6-2019,76,NA
11-6-2019,100,695435
10-6-2019,58,NA
10-6-2019,187,NA
09-6-2019,63,NA
07-6-2019,26,NA
07-6-2019,235,1283750
07-6-2019,137,2423800
06-6-2019,92,16256021
06-6-2019,69,900625
06-6-2019,6,NA
05-6-2019,151,6825375
04-6-2019,173,7779000
04-6-2019,37,25750850
04-6-2019,347,NA
04-6-2019,281,160680
04-6-2019,70,NA
03-6-2019,71,NA
03-6-2019,191,NA
03-6-2019,138,NA
03-6-2019,21,NA
02-6-2019,109,NA
02-6-2019,57,NA
02-6-2019,126,NA
31-5-2019,114,256480
31-5-2019,39,172100
31-5-2019,282,700000
30-5-2019,208,246890
30-5-2019,421,225450
29-5-2019,167,483010
28-5-2019,651,1035600
27-5-2019,227,NA
27-5-2019,213,NA
27-5-2019,122,NA
26-5-2019,63,NA
26-5-2019,60,NA
25-5-2019,105,NA
25-5-2019,165,NA
24-5-2019,65,NA
23-5-2019,93,1249698
21-5-2019,127,NA
21-5-2019,68,NA
20-5-2019,81,NA
20-5-2019,67,NA
20-5-2019,191,NA
20-5-2019,13,NA
19-5-2019,87,NA
17-5-2019,41,NA
16-5-2019,352,NA
15-5-2019,138,NA
15-5-2019,64,NA
15-5-2019,116,NA
14-5-2019,54,NA
14-5-2019,83,NA
14-5-2019,54,NA
14-5-2019,96,NA
14-5-2019,305,NA
13-5-2019,51,NA
13-5-2019,80,NA
13-5-2019,152,NA
13-5-2019,128,NA
12-5-2019,52,NA
09-5-2019,349,268343
08-5-2019,87,NA
07-5-2019,2341,NA
07-5-2019,71,NA
06-5-2019,210,NA
01-5-2019,41,NA
01-5-2019,332,NA
01-5-2019,28,NA
30-4-2019,28,NA
30-4-2019,79,NA
30-4-2019,139,NA
29-4-2019,64,NA
29-4-2019,78,NA
29-4-2019,76,NA
29-4-2019,215,7829625
29-4-2019,85,NA
28-4-2019,62,NA
28-4-2019,NA,NA
27-4-2019,108,NA
25-4-2019,NA,NA
24-4-2019,322,NA
22-4-2019,422,NA
19-4-2019,61,NA
16-4-2019,26,NA
16-4-2019,285,NA
16-4-2019,87,NA
15-4-2019,NA,NA
15-4-2019,162,NA
13-4-2019,312,NA
11-4-2019,NA,NA
10-4-2019,88,17500000
10-4-2019,NA,NA
09-4-2019,NA,NA
09-4-2019,195,NA
08-4-2019,NA,NA
08-4-2019,119,NA
08-4-2019,NA,NA
07-4-2019,NA,NA
05-4-2019,182,18920
04-4-2019,211,NA
03-4-2019,35,NA
02-4-2019,NA,NA
02-4-2019,78,13956625
01-4-2019,25,NA
01-4-2019,92,NA
01-4-2019,72,1730
01-4-2019,237,NA
31-3-2019,36,NA
31-3-2019,NA,NA
31-3-2019,195,NA
31-3-2019,149,NA
31-3-2019,119,NA
31-3-2019,104,NA
30-3-2019,39,NA
30-3-2019,14,NA
28-3-2019,87,8583875
28-3-2019,76,10048300
28-3-2019,NA,NA
28-3-2019,78,NA
28-3-2019,146,NA
27-3-2019,66,2409378
27-3-2019,106,2089188
27-3-2019,18,1278750
26-3-2019,NA,NA
26-3-2019,119,2006125
26-3-2019,184,1085300
25-3-2019,142,NA
24-3-2019,209,333540
23-3-2019,NA,NA
23-3-2019,74,NA
23-3-2019,NA,NA
22-3-2019,73,NA
21-3-2019,111,NA
20-3-2019,NA,NA
20-3-2019,154,NA
20-3-2019,NA,NA
20-3-2019,NA,NA
20-3-2019,188,NA
19-3-2019,22,NA
19-3-2019,79,NA
19-3-2019,223,NA
19-3-2019,256,NA
19-3-2019,NA,NA
19-3-2019,NA,NA
19-3-2019,NA,NA
19-3-2019,114,NA
19-3-2019,114,NA
18-3-2019,81,NA
18-3-2019,NA,NA
18-3-2019,90,NA
18-3-2019,38,NA
18-3-2019,218,NA
17-3-2019,92,NA
17-3-2019,NA,NA
17-3-2019,62,11426
16-3-2019,NA,NA
16-3-2019,NA,NA
16-3-2019,78,NA
14-3-2019,101,210332
14-3-2019,30,21209
13-3-2019,NA,NA
13-3-2019,66,NA
13-3-2019,133,NA
12-3-2019,NA,NA
10-3-2019,54,34640
10-3-2019,NA,NA
08-3-2019,150,NA
08-3-2019,NA,NA
07-3-2019,118,NA
06-3-2019,136,NA
05-3-2019,23,NA
05-3-2019,44,NA
05-3-2019,324,NA
05-3-2019,217,NA
05-3-2019,138,NA
05-3-2019,37,NA
04-3-2019,582,NA
04-3-2019,NA,NA
04-3-2019,63,NA
03-3-2019,NA,NA
02-3-2019,NA,NA
02-3-2019,NA,NA
28-2-2019,27,NA
28-2-2019,251,NA
27-2-2019,71,NA
27-2-2019,65,NA
27-2-2019,131,297550
26-2-2019,221,NA
26-2-2019,35,NA
26-2-2019,142,NA
26-2-2019,226,NA
25-2-2019,22,NA
25-2-2019,266,NA
25-2-2019,17,NA
24-2-2019,39,NA
24-2-2019,212,556650
24-2-2019,93,NA
23-2-2019,62,NA
22-2-2019,100,NA
22-2-2019,175,NA
21-2-2019,117,NA
21-2-2019,62,27980
21-2-2019,49,24767
20-2-2019,200,NA
20-2-2019,105,248307
20-2-2019,192,NA
20-2-2019,81,NA
20-2-2019,121,NA
19-2-2019,102,NA
19-2-2019,37,NA
19-2-2019,103,NA
18-2-2019,163,NA
18-2-2019,203,NA
18-2-2019,106,143683
18-2-2019,156,145920
17-2-2019,43,NA
16-2-2019,155,NA
15-2-2019,42,13670
14-2-2019,48,9754
13-2-2019,50,NA
13-2-2019,154,32878
11-2-2019,74,NA
10-2-2019,29,NA
09-2-2019,125,26009
08-2-2019,61,NA
08-2-2019,260,NA
07-2-2019,48,4230
07-2-2019,169,NA
07-2-2019,357,292804
07-2-2019,238,74940
06-2-2019,64,NA
06-2-2019,328,NA
06-2-2019,55,NA
06-2-2019,94,NA
05-2-2019,86,NA
04-2-2019,NA,NA
04-2-2019,77,190150
04-2-2019,231,NA
03-2-2019,51,NA
01-2-2019,330,NA
31-1-2019,285,NA
30-1-2019,33,NA
30-1-2019,78,NA
30-1-2019,148,NA
30-1-2019,72,NA
30-1-2019,117,NA
30-1-2019,130,NA
29-1-2019,23,NA
29-1-2019,110,NA
29-1-2019,173,43061
29-1-2019,192,165746
29-1-2019,83,39320
29-1-2019,74,NA
29-1-2019,90,88946
29-1-2019,48,113854
29-1-2019,295,NA
29-1-2019,17,43446
29-1-2019,46,NA
29-1-2019,144,NA
28-1-2019,164,10255
28-1-2019,78,8750
28-1-2019,89,NA
27-1-2019,224,407550
27-1-2019,91,NA
26-1-2019,92,NA
26-1-2019,136,NA
26-1-2019,66,12436
25-1-2019,44,NA
25-1-2019,290,NA
24-1-2019,40,NA
24-1-2019,414,NA
23-1-2019,190,250794
23-1-2019,113,NA
23-1-2019,121,NA
23-1-2019,80,NA
23-1-2019,96,39800
23-1-2019,227,23614
22-1-2019,23,NA
22-1-2019,316,58530
22-1-2019,33,NA
21-1-2019,70,NA
20-1-2019,133,35846
20-1-2019,75,NA
20-1-2019,17,NA
19-1-2019,105,NA
19-1-2019,81,NA
19-1-2019,37,NA
19-1-2019,62,249660
18-1-2019,65,46310
17-1-2019,86,NA
17-1-2019,139,NA
16-1-2019,17,NA
15-1-2019,24,NA
15-1-2019,90,NA
13-1-2019,40,NA
12-1-2019,193,NA
12-1-2019,27,NA
11-1-2019,72,NA
11-1-2019,183,NA
11-1-2019,30,14050
09-1-2019,28,NA
08-1-2019,46,NA
06-1-2019,90,NA
05-1-2019,37,NA
16-9-2018,84,NA
15-9-2018,30,32400
12-9-2018,33,NA
11-9-2018,55,NA
11-9-2018,65,NA
10-9-2018,77,NA
10-9-2018,198,NA
09-9-2018,195,NA
09-9-2018,67,NA
07-9-2018,116,105800
03-9-2018,29,NA
02-9-2018,87,NA
27-8-2018,136,NA
27-8-2018,30,NA
26-8-2018,93,NA
21-8-2018,16,NA
06-8-2018,139,NA
05-8-2018,27,NA
17-7-2018,86,NA
01-7-2018,58,NA
27-6-2018,45,NA
27-6-2018,119,NA
27-6-2018,71,443250
26-6-2018,35,NA
26-6-2018,33,461875
26-6-2018,197,NA
25-6-2018,80,NA
25-6-2018,42,NA
25-6-2018,145,NA
25-6-2018,174,NA
24-6-2018,89,NA
22-6-2018,14,NA
20-6-2018,159,NA
20-6-2018,152,4608188
20-6-2018,108,NA
19-6-2018,49,2004375
19-6-2018,35,NA
19-6-2018,162,NA
19-6-2018,272,NA
19-6-2018,36,NA
19-6-2018,16,218375
19-6-2018,109,NA
18-6-2018,36,NA
18-6-2018,110,NA
17-6-2018,114,NA
17-6-2018,83,NA
16-6-2018,17,NA
13-6-2018,66,NA
12-6-2018,104,NA
12-6-2018,61,71870
11-6-2018,215,NA
11-6-2018,59,NA
11-6-2018,181,NA
11-6-2018,32,NA
11-6-2018,31,NA
10-6-2018,106,NA
09-6-2018,33,22600
09-6-2018,496,NA
08-6-2018,597,1896700
07-6-2018,28,NA
07-6-2018,181,9262750
07-6-2018,99,NA
06-6-2018,141,NA
06-6-2018,45,25383125
06-6-2018,123,7654750
06-6-2018,194,NA
05-6-2018,71,NA
05-6-2018,43,37840850
05-6-2018,129,NA
05-6-2018,68,NA
04-6-2018,82,NA
04-6-2018,205,NA
03-6-2018,73,NA
03-6-2018,71,NA
31-5-2018,94,NA
30-5-2018,451,NA
29-5-2018,104,NA
29-5-2018,38,NA
28-5-2018,222,NA
28-5-2018,260,NA
28-5-2018,54,172800
28-5-2018,50,NA
27-5-2018,91,NA
27-5-2018,66,NA
27-5-2018,86,NA
26-5-2018,176,NA
25-5-2018,64,NA
24-5-2018,72,NA
22-5-2018,120,NA
22-5-2018,57,NA
22-5-2018,112,NA
21-5-2018,127,NA
21-5-2018,185,NA
21-5-2018,21,3331125
21-5-2018,63,NA
21-5-2018,26,NA
21-5-2018,58,NA
21-5-2018,155,NA
21-5-2018,87,NA
21-5-2018,70,NA
21-5-2018,78,NA
20-5-2018,79,NA
20-5-2018,62,NA
20-5-2018,85,NA
19-5-2018,187,NA
19-5-2018,29,20450
19-5-2018,156,NA
17-5-2018,129,NA
17-5-2018,56,NA
17-5-2018,111,NA
16-5-2018,65,NA
16-5-2018,353,NA
16-5-2018,58,NA
16-5-2018,84,NA
16-5-2018,72,NA
15-5-2018,136,NA
15-5-2018,26,NA
15-5-2018,31,NA
15-5-2018,95,40400
15-5-2018,110,46192
15-5-2018,94,NA
15-5-2018,51,NA
14-5-2018,151,179533
14-5-2018,231,NA
14-5-2018,96,NA
14-5-2018,33,NA
14-5-2018,65,NA
14-5-2018,290,NA
14-5-2018,30,4650
13-5-2018,45,NA
09-5-2018,88,NA
09-5-2018,66,NA
09-5-2018,93,NA
08-5-2018,39,NA
08-5-2018,75,NA
07-5-2018,185,NA
07-5-2018,44,NA
07-5-2018,21,3150
07-5-2018,364,1118379
06-5-2018,111,NA
05-5-2018,456,NA
04-5-2018,339,280800
02-5-2018,152,2266125
01-5-2018,142,NA
01-5-2018,112,NA
01-5-2018,84,NA
01-5-2018,74,NA
30-4-2018,190,NA
30-4-2018,213,NA
30-4-2018,66,NA
29-4-2018,82,NA
28-4-2018,29,10500
24-4-2018,94,NA
24-4-2018,227,NA
23-4-2018,243,NA
23-4-2018,184,NA
23-4-2018,72,NA
22-4-2018,100,NA
21-4-2018,20,15150
20-4-2018,87,191050
17-4-2018,68,NA
17-4-2018,36,NA
17-4-2018,91,NA
16-4-2018,181,NA
15-4-2018,89,NA
11-4-2018,57,NA
11-4-2018,88,NA
10-4-2018,100,28300
10-4-2018,46,13812250
10-4-2018,73,NA
10-4-2018,187,NA
09-4-2018,160,NA
09-4-2018,51,NA
09-4-2018,26,5400
09-4-2018,201,NA
08-4-2018,127,NA
08-4-2018,93,NA
07-4-2018,30,29650
05-4-2018,115,NA
05-4-2018,100,NA
05-4-2018,41,NA
04-4-2018,37,NA
02-4-2018,146,NA
02-4-2018,24,NA
02-4-2018,72,NA
02-4-2018,216,NA
01-4-2018,270,NA
01-4-2018,72,NA
31-3-2018,119,NA
31-3-2018,80,NA
31-3-2018,147,NA
31-3-2018,184,NA
30-3-2018,53,NA
30-3-2018,38,NA
28-3-2018,69,NA
28-3-2018,92,NA
28-3-2018,37,NA
27-3-2018,106,NA
27-3-2018,184,NA
27-3-2018,305,NA
27-3-2018,171,NA
27-3-2018,179,NA
27-3-2018,186,416760
26-3-2018,213,NA
26-3-2018,193,NA
26-3-2018,208,693900
26-3-2018,262,50898
26-3-2018,31,14040
26-3-2018,95,725090
26-3-2018,201,NA
26-3-2018,131,NA
26-3-2018,107,1768188
25-3-2018,73,2960630
25-3-2018,103,NA
24-3-2018,47,NA
24-3-2018,88,3063000
23-3-2018,119,1991314
23-3-2018,46,NA
22-3-2018,83,8449500
22-3-2018,28,5313250
22-3-2018,66,8601750
22-3-2018,206,NA
22-3-2018,299,403245
22-3-2018,22,46737
21-3-2018,78,NA
21-3-2018,70,1877500
21-3-2018,96,3413625
21-3-2018,138,5813625
21-3-2018,73,NA
20-3-2018,67,NA
20-3-2018,143,NA
20-3-2018,216,360775
20-3-2018,113,2211625
20-3-2018,67,NA
20-3-2018,49,NA
20-3-2018,35,30634
20-3-2018,104,NA
20-3-2018,117,5394994
20-3-2018,108,70390
19-3-2018,248,NA
19-3-2018,176,NA
19-3-2018,82,NA
19-3-2018,209,NA
18-3-2018,77,NA
18-3-2018,35,NA
18-3-2018,72,NA
16-3-2018,441,1257550
15-3-2018,594,229390
14-3-2018,53,NA
13-3-2018,112,80934
13-3-2018,128,NA
13-3-2018,50,NA
12-3-2018,157,NA
12-3-2018,213,NA
12-3-2018,24,8870
12-3-2018,59,NA
11-3-2018,105,NA
10-3-2018,25,8550
06-3-2018,150,NA
05-3-2018,104,NA
05-3-2018,28,20477
05-3-2018,238,NA
04-3-2018,83,NA
02-3-2018,107,87550
02-3-2018,73,NA
01-3-2018,259,NA
01-3-2018,173,74904
28-2-2018,320,NA
28-2-2018,84,NA
28-2-2018,262,NA
27-2-2018,21,NA
27-2-2018,164,NA
27-2-2018,125,NA
27-2-2018,81,NA
27-2-2018,40,NA
27-2-2018,180,1348752
27-2-2018,85,23100
27-2-2018,173,NA
27-2-2018,142,223975
27-2-2018,122,NA
26-2-2018,241,NA
26-2-2018,112,NA
26-2-2018,151,NA
26-2-2018,139,50129
26-2-2018,145,633755
26-2-2018,25,NA
26-2-2018,29,13950
26-2-2018,51,NA
26-2-2018,17,NA
25-2-2018,98,NA
25-2-2018,73,123290
24-2-2018,30,29600
24-2-2018,83,NA
23-2-2018,153,NA
22-2-2018,44,NA
22-2-2018,86,NA
22-2-2018,10,NA
21-2-2018,107,NA
21-2-2018,62,NA
21-2-2018,46,NA
20-2-2018,112,38100
19-2-2018,245,NA
19-2-2018,20,8910
18-2-2018,90,NA
18-2-2018,21,NA
18-2-2018,176,38610
17-2-2018,142,NA
17-2-2018,36,70450
16-2-2018,NA,NA
15-2-2018,58,191865
14-2-2018,140,NA
13-2-2018,134,NA
13-2-2018,157,NA
12-2-2018,147,25517
12-2-2018,71,275191
12-2-2018,204,NA
12-2-2018,74,50844
11-2-2018,70,NA
09-2-2018,35,NA
07-2-2018,186,NA
07-2-2018,18,NA
05-2-2018,123,NA
05-2-2018,85,237050
05-2-2018,33,1400
05-2-2018,49,NA
05-2-2018,221,NA
05-2-2018,49,NA
04-2-2018,98,NA
03-2-2018,139,NA
02-2-2018,56,NA
02-2-2018,54,NA
01-2-2018,293,127545
01-2-2018,122,NA
31-1-2018,64,NA
31-1-2018,293,NA
30-1-2018,29,10280
30-1-2018,63,NA
30-1-2018,27,NA
30-1-2018,192,NA
30-1-2018,23,NA
30-1-2018,137,NA
30-1-2018,17,NA
30-1-2018,76,NA
30-1-2018,37,NA
29-1-2018,238,NA
29-1-2018,68,7810
29-1-2018,57,NA
29-1-2018,145,NA
29-1-2018,17,59840
29-1-2018,123,165950
28-1-2018,86,NA
28-1-2018,27,NA
27-1-2018,97,NA
27-1-2018,175,NA
25-1-2018,202,NA
25-1-2018,31,NA
25-1-2018,90,117830
25-1-2018,130,27760
24-1-2018,183,NA
24-1-2018,39,NA
24-1-2018,224,NA
23-1-2018,31,2030
23-1-2018,172,164904
23-1-2018,13,41650
22-1-2018,75,NA
22-1-2018,95,NA
22-1-2018,237,NA
22-1-2018,56,NA
21-1-2018,62,NA
20-1-2018,101,NA
19-1-2018,26,4195
19-1-2018,34,NA
19-1-2018,644,1968400
19-1-2018,88,NA
18-1-2018,81,NA
17-1-2018,528,NA
17-1-2018,111,NA
17-1-2018,18,NA
17-1-2018,85,NA
17-1-2018,90,NA
16-1-2018,40,NA
16-1-2018,36,7220
16-1-2018,145,NA
16-1-2018,109,NA
15-1-2018,42,15800
15-1-2018,31,NA
15-1-2018,43,NA
15-1-2018,266,NA
14-1-2018,91,NA
14-1-2018,42,NA
13-1-2018,329,53920
13-1-2018,51,NA
12-1-2018,39,NA
12-1-2018,221,360700
12-1-2018,31,NA
10-1-2018,53,NA
10-1-2018,31,NA
08-1-2018,119,NA
08-1-2018,160,NA
07-1-2018,56,NA
07-1-2018,105,NA
06-1-2018,33,11450
05-1-2018,8,1095
05-1-2018,34,NA
05-1-2018,47,NA
02-1-2018,49,NA
02-1-2018,17,NA
02-1-2018,12,NA
01-1-2018,184,NA
31-12-2017,88,NA
30-12-2017,55,NA
29-12-2017,50,3520580
25-12-2017,95,NA
23-12-2017,236,NA
22-12-2017,46,NA
22-12-2017,107,NA
20-12-2017,140,NA
20-12-2017,70,NA
20-12-2017,94,NA
20-12-2017,101,33200
20-12-2017,116,NA
19-12-2017,24,45774
19-12-2017,63,NA
19-12-2017,17,16950
19-12-2017,286,137943
19-12-2017,87,NA
19-12-2017,168,NA
19-12-2017,34,6760
18-12-2017,70,NA
18-12-2017,29,NA
18-12-2017,110,452522
18-12-2017,182,272540
18-12-2017,99,1477063
18-12-2017,13,102
18-12-2017,79,NA
18-12-2017,31,NA
18-12-2017,46,NA
18-12-2017,31,1307716
18-12-2017,50,4224
18-12-2017,241,884450
18-12-2017,77,NA
18-12-2017,259,NA
18-12-2017,64,1056344
18-12-2017,215,NA
18-12-2017,56,3057150
18-12-2017,109,NA
17-12-2017,43,333797
17-12-2017,114,NA
17-12-2017,23,19050
17-12-2017,175,NA
17-12-2017,47,NA
17-12-2017,130,NA
17-12-2017,52,NA
17-12-2017,186,113651
17-12-2017,108,46045
17-12-2017,12,9049695
17-12-2017,91,747480
17-12-2017,267,NA
16-12-2017,30,11300
16-12-2017,130,NA
16-12-2017,189,NA
16-12-2017,111,45340
16-12-2017,543,410135
16-12-2017,284,217520
16-12-2017,30,NA
16-12-2017,152,1752949
15-12-2017,12,NA
15-12-2017,25,NA
15-12-2017,11,9876
14-12-2017,84,NA
14-12-2017,46,47270
14-12-2017,26,34570
14-12-2017,33,159750
14-12-2017,94,67350
14-12-2017,126,NA
14-12-2017,261,489650
14-12-2017,15,4730
14-12-2017,354,242700
14-12-2017,18,NA
14-12-2017,107,NA
13-12-2017,154,922858
13-12-2017,32,NA
13-12-2017,293,NA
13-12-2017,61,NA
13-12-2017,121,NA
13-12-2017,160,NA
13-12-2017,335,359132
13-12-2017,81,NA
13-12-2017,208,NA
13-12-2017,89,19056
13-12-2017,70,NA
13-12-2017,24,NA
13-12-2017,45,NA
13-12-2017,60,NA
13-12-2017,54,NA
13-12-2017,132,NA
13-12-2017,121,NA
12-12-2017,66,15236
12-12-2017,155,NA
12-12-2017,50,NA
12-12-2017,26,NA
12-12-2017,97,NA
12-12-2017,157,468402
12-12-2017,97,NA
12-12-2017,186,713484
12-12-2017,74,NA
12-12-2017,323,183582
12-12-2017,174,1198570
12-12-2017,56,NA
12-12-2017,42,541840
12-12-2017,53,38490
12-12-2017,144,68686
12-12-2017,131,291114
11-12-2017,49,1655047
11-12-2017,38,14300
11-12-2017,208,9230500
11-12-2017,81,NA
11-12-2017,173,19690
11-12-2017,221,NA
11-12-2017,134,NA
11-12-2017,50,108705
11-12-2017,220,176620
11-12-2017,10,1016875
11-12-2017,141,1253000
11-12-2017,77,NA
11-12-2017,89,102200
11-12-2017,96,NA
11-12-2017,195,NA
11-12-2017,74,NA
11-12-2017,55,NA
11-12-2017,NA,NA
11-12-2017,216,NA
11-12-2017,73,NA
11-12-2017,233,38040
11-12-2017,166,97040
11-12-2017,201,NA
10-12-2017,53,NA
10-12-2017,106,NA
10-12-2017,270,692520
10-12-2017,96,NA
10-12-2017,42,106210
10-12-2017,71,184053
10-12-2017,14,47200
10-12-2017,204,338100
10-12-2017,56,14488
10-12-2017,17,NA
10-12-2017,31,NA
10-12-2017,87,NA
09-12-2017,82,NA
09-12-2017,366,NA
09-12-2017,14,NA
09-12-2017,44,NA
09-12-2017,43,151918
09-12-2017,50,NA
09-12-2017,157,NA
09-12-2017,197,977851
08-12-2017,63,8023750
08-12-2017,84,39166
08-12-2017,151,NA
08-12-2017,32,NA
08-12-2017,751,174260
08-12-2017,409,NA
08-12-2017,70,27980
08-12-2017,46,15315
08-12-2017,23,NA
08-12-2017,193,NA
08-12-2017,147,NA
08-12-2017,82,NA
08-12-2017,38,720125
08-12-2017,76,21762
07-12-2017,49,NA
07-12-2017,387,NA
07-12-2017,142,NA
07-12-2017,21,3330
07-12-2017,82,NA
07-12-2017,37,86824
07-12-2017,206,2259037
07-12-2017,79,53870
07-12-2017,230,NA
07-12-2017,31,NA
07-12-2017,96,19240
07-12-2017,53,NA
07-12-2017,87,NA
06-12-2017,100,NA
06-12-2017,32,NA
06-12-2017,171,NA
06-12-2017,118,NA
06-12-2017,114,36484
06-12-2017,60,NA
06-12-2017,202,NA
06-12-2017,24,NA
06-12-2017,95,4984250
06-12-2017,188,NA
06-12-2017,133,NA
06-12-2017,101,NA
06-12-2017,50,69498
06-12-2017,246,NA
06-12-2017,79,83871
06-12-2017,32,NA
06-12-2017,37,NA
06-12-2017,67,39406
06-12-2017,194,NA
06-12-2017,177,2109325
06-12-2017,198,68790
05-12-2017,171,NA
05-12-2017,177,NA
05-12-2017,82,NA
05-12-2017,96,NA
05-12-2017,159,222443
05-12-2017,108,813750
05-12-2017,121,NA
05-12-2017,65,670027
05-12-2017,153,353839
05-12-2017,286,NA
05-12-2017,34,15342700
05-12-2017,67,289500
05-12-2017,36,NA
05-12-2017,12,49720
05-12-2017,130,4889750
05-12-2017,87,NA
05-12-2017,34,NA
05-12-2017,159,175500
05-12-2017,54,NA
05-12-2017,635,2090930
04-12-2017,32,NA
04-12-2017,239,NA
04-12-2017,130,1681765
04-12-2017,143,NA
04-12-2017,184,NA
04-12-2017,21,14954
04-12-2017,557,NA
04-12-2017,24,16557250
04-12-2017,142,NA
04-12-2017,219,628915
04-12-2017,96,81706
04-12-2017,151,723718
04-12-2017,128,NA
04-12-2017,54,NA
04-12-2017,20,NA
04-12-2017,150,NA
04-12-2017,79,NA
04-12-2017,111,NA
04-12-2017,183,NA
04-12-2017,53,NA
04-12-2017,107,NA
03-12-2017,107,NA
03-12-2017,115,101710
03-12-2017,48,NA
03-12-2017,103,171950
03-12-2017,78,230970
03-12-2017,166,1248748
03-12-2017,99,NA
03-12-2017,27,NA
03-12-2017,86,34940
03-12-2017,68,1494500
03-12-2017,145,13710
03-12-2017,208,NA
03-12-2017,50,NA
03-12-2017,156,787125
03-12-2017,154,875602
03-12-2017,71,NA
02-12-2017,138,1069725
02-12-2017,166,NA
02-12-2017,43,NA
02-12-2017,117,619005
02-12-2017,244,NA
02-12-2017,151,321670
02-12-2017,25,NA
02-12-2017,212,116180
01-12-2017,29,NA
01-12-2017,79,32755
01-12-2017,344,NA
01-12-2017,95,5044500
01-12-2017,72,NA
01-12-2017,27,NA
01-12-2017,174,NA
01-12-2017,27,NA
01-12-2017,7,NA
01-12-2017,51,NA
01-12-2017,61,NA
01-12-2017,43,3083760
01-12-2017,216,1662286
01-12-2017,361,151870
01-12-2017,48,NA
01-12-2017,23,NA
01-12-2017,44,NA
30-11-2017,18,NA
30-11-2017,35,195245
30-11-2017,239,5298820
30-11-2017,59,429226
30-11-2017,466,3833500
30-11-2017,420,184923
30-11-2017,129,NA
30-11-2017,156,359662
30-11-2017,520,245725
29-11-2017,123,190081
29-11-2017,13,NA
29-11-2017,42,NA
29-11-2017,71,NA
29-11-2017,160,NA
29-11-2017,172,NA
29-11-2017,76,NA
29-11-2017,40,NA
29-11-2017,95,NA
29-11-2017,63,62231
29-11-2017,71,NA
29-11-2017,92,NA
28-11-2017,81,NA
28-11-2017,153,186415
28-11-2017,50,NA
28-11-2017,15,NA
28-11-2017,75,NA
28-11-2017,20,307887
28-11-2017,108,171930
28-11-2017,86,177840
28-11-2017,191,NA
28-11-2017,181,979217
28-11-2017,10,NA
28-11-2017,134,NA
28-11-2017,161,NA
28-11-2017,52,NA
28-11-2017,110,8112500
28-11-2017,35,746450
28-11-2017,96,NA
28-11-2017,20,NA
28-11-2017,40,NA
28-11-2017,85,NA
28-11-2017,104,502840
28-11-2017,51,NA
27-11-2017,231,NA
27-11-2017,41,104201
27-11-2017,42,800150
27-11-2017,173,468860
27-11-2017,130,230618
27-11-2017,390,274826
27-11-2017,90,NA
27-11-2017,45,900510
27-11-2017,121,NA
27-11-2017,53,NA
27-11-2017,39,NA
27-11-2017,104,NA
27-11-2017,25,165685
27-11-2017,88,NA
27-11-2017,117,NA
27-11-2017,247,NA
27-11-2017,90,NA
26-11-2017,107,55210
26-11-2017,87,NA
26-11-2017,38,6270
26-11-2017,9,1923550
26-11-2017,97,NA
26-11-2017,146,175140
26-11-2017,68,NA
26-11-2017,51,136410
26-11-2017,NA,NA
26-11-2017,12,2514400
26-11-2017,89,NA
26-11-2017,259,463170
25-11-2017,97,185800
25-11-2017,33,3865
25-11-2017,132,439521
25-11-2017,60,NA
25-11-2017,48,NA
25-11-2017,38,NA
24-11-2017,112,348877
24-11-2017,280,28530
24-11-2017,191,NA
24-11-2017,198,NA
24-11-2017,271,421806
24-11-2017,513,1380950
23-11-2017,242,16811
23-11-2017,21,29490
23-11-2017,28,16439
23-11-2017,34,618438
23-11-2017,14,7400
22-11-2017,40,NA
22-11-2017,49,NA
22-11-2017,108,NA
22-11-2017,39,NA
22-11-2017,76,NA
22-11-2017,188,115820
22-11-2017,95,28360
22-11-2017,171,3038228
22-11-2017,9,NA
21-11-2017,115,NA
21-11-2017,212,NA
21-11-2017,8,2030
21-11-2017,56,122350
21-11-2017,52,NA
21-11-2017,219,NA
21-11-2017,211,1916070
21-11-2017,1,NA
21-11-2017,65,NA
21-11-2017,254,NA
21-11-2017,121,190470
21-11-2017,53,NA
21-11-2017,156,860470
21-11-2017,177,1568120
21-11-2017,44,44960
21-11-2017,77,NA
21-11-2017,202,NA
20-11-2017,64,NA
20-11-2017,156,NA
20-11-2017,80,6170203
20-11-2017,119,NA
20-11-2017,195,398797
20-11-2017,182,NA
20-11-2017,123,NA
20-11-2017,220,NA
20-11-2017,187,NA
20-11-2017,64,NA
20-11-2017,221,NA
20-11-2017,155,NA
20-11-2017,62,5752900
20-11-2017,35,NA
20-11-2017,119,235500
20-11-2017,61,19350
20-11-2017,38,NA
20-11-2017,217,NA
20-11-2017,47,NA
19-11-2017,165,NA
19-11-2017,72,NA
19-11-2017,71,28633
19-11-2017,145,375330
19-11-2017,5,9750
19-11-2017,114,12300
19-11-2017,96,NA
19-11-2017,44,NA
19-11-2017,220,28937
18-11-2017,17,NA
18-11-2017,16,725
18-11-2017,59,NA
18-11-2017,118,NA
18-11-2017,85,NA
18-11-2017,140,96580
18-11-2017,28,83976
18-11-2017,136,NA
18-11-2017,166,379236
17-11-2017,103,49030
17-11-2017,146,NA
17-11-2017,56,NA
17-11-2017,288,NA
17-11-2017,254,193220
17-11-2017,97,NA
16-11-2017,15,9877
16-11-2017,432,NA
16-11-2017,41,3660
16-11-2017,358,NA
16-11-2017,266,NA
16-11-2017,33,570500
16-11-2017,61,NA
15-11-2017,63,NA
15-11-2017,188,NA
15-11-2017,141,NA
15-11-2017,NA,NA
15-11-2017,160,NA
15-11-2017,44,265460
15-11-2017,374,NA
15-11-2017,71,NA
15-11-2017,72,NA
15-11-2017,199,NA
15-11-2017,40,NA
15-11-2017,190,561854
14-11-2017,83,NA
14-11-2017,20,NA
14-11-2017,37,53892
14-11-2017,161,106705
14-11-2017,85,NA
14-11-2017,57,NA
14-11-2017,85,NA
14-11-2017,96,NA
14-11-2017,84,NA
14-11-2017,71,NA
14-11-2017,40,NA
14-11-2017,64,NA
14-11-2017,73,NA
13-11-2017,265,59440
13-11-2017,86,NA
13-11-2017,39,49167
13-11-2017,77,NA
13-11-2017,92,187234
13-11-2017,130,NA
13-11-2017,69,NA
13-11-2017,230,NA
13-11-2017,35,NA
13-11-2017,77,NA
13-11-2017,17,NA
13-11-2017,62,638000
13-11-2017,31,NA
13-11-2017,167,NA
13-11-2017,59,NA
13-11-2017,117,232540
13-11-2017,53,NA
13-11-2017,63,8790
13-11-2017,28,995050
13-11-2017,75,105750
12-11-2017,35,212900
12-11-2017,368,NA
12-11-2017,117,NA
12-11-2017,68,NA
12-11-2017,83,NA
12-11-2017,77,NA
12-11-2017,179,NA
12-11-2017,38,NA
12-11-2017,205,309160
11-11-2017,66,NA
11-11-2017,32,418730
11-11-2017,54,NA
11-11-2017,119,NA
11-11-2017,70,51550
11-11-2017,50,NA
11-11-2017,275,337140
11-11-2017,30,39950
10-11-2017,356,NA
10-11-2017,120,NA
10-11-2017,68,NA
10-11-2017,45,NA
10-11-2017,27,NA
10-11-2017,44,NA
10-11-2017,7,1840
10-11-2017,45,NA
10-11-2017,30,NA
10-11-2017,76,NA
09-11-2017,57,292700
09-11-2017,126,62439
09-11-2017,303,534060
09-11-2017,69,1093625
09-11-2017,98,1359500
09-11-2017,90,84810
09-11-2017,97,1313000
09-11-2017,93,234955
08-11-2017,61,58422
08-11-2017,169,191230
08-11-2017,32,NA
08-11-2017,172,NA
08-11-2017,16,NA
08-11-2017,47,NA
08-11-2017,99,NA
08-11-2017,22,NA
08-11-2017,51,3776250
08-11-2017,403,NA
08-11-2017,354,NA
08-11-2017,115,NA
08-11-2017,456,NA
07-11-2017,44,6280
07-11-2017,104,NA
07-11-2017,44,117714
07-11-2017,8,NA
07-11-2017,93,NA
07-11-2017,314,14622
07-11-2017,44,436540
07-11-2017,31,31377
06-11-2017,213,NA
06-11-2017,136,251043
06-11-2017,49,NA
06-11-2017,59,NA
06-11-2017,52,NA
06-11-2017,128,NA
06-11-2017,70,NA
06-11-2017,33,NA
05-11-2017,45,NA
05-11-2017,98,NA
05-11-2017,61,NA
04-11-2017,120,NA
04-11-2017,99,NA
04-11-2017,121,NA
03-11-2017,17,NA
03-11-2017,55,NA
03-11-2017,42,NA
03-11-2017,35,NA
03-11-2017,60,7384
03-11-2017,42,NA
01-11-2017,53,NA
01-11-2017,80,NA
01-11-2017,40,NA
01-11-2017,87,NA
01-11-2017,500,NA
01-11-2017,145,648100
01-11-2017,111,254600
31-10-2017,113,NA
31-10-2017,420,NA
31-10-2017,17,NA
31-10-2017,236,NA
31-10-2017,19,NA
30-10-2017,59,31421
30-10-2017,128,69470
30-10-2017,26,10014
30-10-2017,94,1596280
30-10-2017,164,NA
30-10-2017,30,NA
30-10-2017,29,NA
30-10-2017,221,175690
29-10-2017,73,1878825
29-10-2017,49,NA
29-10-2017,43,NA
29-10-2017,82,NA
29-10-2017,86,1002300
28-10-2017,30,38550
28-10-2017,95,18970
27-10-2017,151,NA
27-10-2017,196,NA
27-10-2017,133,32342
27-10-2017,45,4600
27-10-2017,124,NA
26-10-2017,48,11225
26-10-2017,134,199927
26-10-2017,209,331350
26-10-2017,76,103095
26-10-2017,62,108371
25-10-2017,62,NA
25-10-2017,62,NA
25-10-2017,318,371456
25-10-2017,56,NA
25-10-2017,82,NA
25-10-2017,179,4660
25-10-2017,91,45070
24-10-2017,161,NA
24-10-2017,210,NA
24-10-2017,48,NA
24-10-2017,217,NA
24-10-2017,148,NA
24-10-2017,131,NA
24-10-2017,56,NA
24-10-2017,51,NA
24-10-2017,121,49900
24-10-2017,182,455831
24-10-2017,54,NA
24-10-2017,160,3616657
24-10-2017,197,NA
23-10-2017,29,NA
23-10-2017,200,NA
23-10-2017,48,3980650
23-10-2017,73,NA
23-10-2017,50,433885
23-10-2017,71,NA
22-10-2017,287,356395
22-10-2017,47,1277647
22-10-2017,89,NA
22-10-2017,130,184430
22-10-2017,20,NA
22-10-2017,61,730573
22-10-2017,59,NA
22-10-2017,236,212749
22-10-2017,111,337493
22-10-2017,40,NA
22-10-2017,57,16205
21-10-2017,43,NA
21-10-2017,82,6901250
21-10-2017,80,24500
20-10-2017,55,NA
20-10-2017,618,3617651
20-10-2017,472,NA
20-10-2017,8,NA
20-10-2017,29,NA
19-10-2017,75,10365250
19-10-2017,77,23970
19-10-2017,66,20225
19-10-2017,158,20509
18-10-2017,129,52505
18-10-2017,31,NA
18-10-2017,93,203418
18-10-2017,294,NA
17-10-2017,59,NA
17-10-2017,105,NA
17-10-2017,200,NA
16-10-2017,205,NA
16-10-2017,54,104200
16-10-2017,91,NA
16-10-2017,157,NA
16-10-2017,30,NA
15-10-2017,107,NA
15-10-2017,31,NA
15-10-2017,86,NA
15-10-2017,106,2450
15-10-2017,251,NA
14-10-2017,NA,NA
14-10-2017,42,NA
14-10-2017,22,23250
14-10-2017,81,NA
14-10-2017,110,NA
13-10-2017,135,NA
13-10-2017,25,NA
13-10-2017,136,378953
12-10-2017,78,NA
11-10-2017,105,29489
11-10-2017,45,NA
11-10-2017,117,NA
11-10-2017,89,NA
11-10-2017,278,142576
11-10-2017,146,NA
10-10-2017,155,34050
10-10-2017,41,57240
09-10-2017,48,NA
09-10-2017,190,NA
09-10-2017,202,NA
09-10-2017,162,NA
09-10-2017,51,NA
09-10-2017,23,NA
09-10-2017,30,9300
09-10-2017,35,NA
09-10-2017,181,6037040
09-10-2017,104,NA
09-10-2017,259,42700
09-10-2017,220,254120
08-10-2017,261,370092
08-10-2017,70,NA
07-10-2017,49,229380
07-10-2017,26,36450
06-10-2017,76,NA
06-10-2017,67,NA
05-10-2017,46,NA
05-10-2017,20,NA
05-10-2017,97,17850
05-10-2017,276,145799
05-10-2017,30,NA
04-10-2017,25,NA
04-10-2017,44,NA
04-10-2017,117,NA
04-10-2017,155,NA
04-10-2017,119,NA
04-10-2017,145,NA
04-10-2017,57,NA
04-10-2017,44,18990
03-10-2017,131,290925
03-10-2017,37,NA
03-10-2017,468,141470
03-10-2017,43,NA
02-10-2017,14,15550
02-10-2017,95,NA
02-10-2017,27,NA
02-10-2017,58,NA
02-10-2017,36,25400
02-10-2017,100,NA
02-10-2017,56,NA
01-10-2017,92,NA
01-10-2017,73,NA
01-10-2017,61,NA
01-10-2017,106,NA
01-10-2017,147,709560
01-10-2017,115,NA
30-9-2017,56,NA
30-9-2017,104,NA
30-9-2017,205,NA
30-9-2017,33,188305
30-9-2017,194,NA
30-9-2017,304,41160
29-9-2017,41,NA
29-9-2017,70,NA
29-9-2017,31,NA
28-9-2017,234,153890
28-9-2017,84,NA
27-9-2017,87,NA
27-9-2017,161,NA
27-9-2017,225,NA
27-9-2017,61,NA
27-9-2017,170,73217
27-9-2017,91,NA
27-9-2017,167,NA
27-9-2017,133,NA
27-9-2017,274,NA
26-9-2017,183,NA
26-9-2017,176,415521
26-9-2017,329,NA
26-9-2017,70,NA
26-9-2017,99,NA
26-9-2017,81,NA
26-9-2017,143,NA
26-9-2017,65,NA
26-9-2017,197,NA
26-9-2017,67,NA
26-9-2017,63,103875
26-9-2017,95,NA
26-9-2017,11,NA
26-9-2017,373,NA
